Timestamp,actual,arima_prediction,lstm_residual_prediction,hybrid_prediction
2023-12-27 09:10:00,7.954,7.941327166907309,0.006725731305778027,7.948052898213087
2023-12-27 09:20:00,7.953,7.941327166907309,0.030620502308011055,7.97194766921532
2023-12-27 09:30:00,7.958,7.941327166907309,0.021025216206908226,7.962352383114217
2023-12-27 09:40:00,7.962,7.941327166907309,0.08401127904653549,8.025338445953844
2023-12-27 09:50:00,7.958,7.941327166907309,0.04207828268408775,7.983405449591396
2023-12-27 10:00:00,7.964,7.941327166907309,0.028279662132263184,7.969606829039572
2023-12-27 10:10:00,7.965,7.941327166907309,0.03732951357960701,7.978656680486916
2023-12-27 10:20:00,7.967,7.941327166907309,0.023343106731772423,7.964670273639081
2023-12-27 10:30:00,7.964,7.941327166907309,0.06243183836340904,8.003759005270718
2023-12-27 10:40:00,7.967,7.941327166907309,0.09693118184804916,8.038258348755358
2023-12-27 11:10:00,7.975,7.941327166907309,0.057118672877550125,7.998445839784859
2023-12-27 11:20:00,7.983,7.941327166907309,0.0678982362151146,8.009225403122423
2023-12-27 11:30:00,7.988,7.941327166907309,0.055164605379104614,7.996491772286413
2023-12-27 11:40:00,7.985,7.941327166907309,0.03754761815071106,7.97887478505802
2023-12-27 11:50:00,7.984,7.941327166907309,0.026218056678771973,7.967545223586081
2023-12-27 12:00:00,7.979,7.941327166907309,0.03563779592514038,7.976964962832449
2023-12-27 12:10:00,7.983,7.941327166907309,0.04266466200351715,7.983991828910826
2023-12-27 12:20:00,7.982,7.941327166907309,0.033844463527202606,7.975171630434511
2023-12-27 12:30:00,7.99,7.941327166907309,0.05532350763678551,7.996650674544094
2023-12-27 12:40:00,7.99,7.941327166907309,0.05891268700361252,8.000239853910921
2023-12-27 12:50:00,7.992,7.941327166907309,0.06889607757329941,8.010223244480608
2023-12-27 13:00:00,7.987,7.941327166907309,0.0674988254904747,8.008825992397783
2023-12-27 13:10:00,7.984,7.941327166907309,0.05285543203353882,7.9941825989408475
2023-12-27 13:20:00,7.978,7.941327166907309,0.02300615794956684,7.9643333248568755
2023-12-27 13:30:00,7.988,7.941327166907309,-0.0014624581672251225,7.9398647087400835
2023-12-27 13:40:00,7.974,7.941327166907309,0.006701544858515263,7.948028711765824
2023-12-27 13:50:00,7.979,7.941327166907309,-0.003172494238242507,7.938154672669066
2023-12-27 14:00:00,7.98,7.941327166907309,-0.02126750349998474,7.920059663407324
2023-12-27 14:10:00,7.972,7.941327166907309,-0.006374463438987732,7.934952703468321
2023-12-27 14:20:00,7.98,7.941327166907309,-0.009894959628582,7.931432207278727
2023-12-27 14:30:00,7.982,7.941327166907309,0.024212466552853584,7.965539633460162
2023-12-27 14:40:00,7.977,7.941327166907309,0.014799847267568111,7.956127014174877
2023-12-27 14:50:00,7.988,7.941327166907309,0.03928092122077942,7.980608088128088
2023-12-27 15:00:00,7.982,7.941327166907309,0.033951420336961746,7.97527858724427
2023-12-27 15:10:00,8.004,7.941327166907309,0.024621114134788513,7.965948281042097
2023-12-27 15:20:00,8.002,7.941327166907309,0.00702402088791132,7.94835118779522
2023-12-27 15:30:00,7.998,7.941327166907309,-0.009383413009345531,7.931943753897963
2023-12-27 15:40:00,7.998,7.941327166907309,0.015119928866624832,7.9564470957739335
2023-12-27 15:50:00,8.015,7.941327166907309,0.021632591262459755,7.962959758169768
2023-12-27 16:00:00,8.009,7.941327166907309,0.028376372531056404,7.969703539438365
2023-12-27 16:10:00,7.999,7.941327166907309,0.026386689394712448,7.967713856302021
2023-12-27 16:20:00,7.984,7.941327166907309,0.02519368566572666,7.966520852573035
2023-12-27 16:30:00,7.989,7.941327166907309,0.01985873654484749,7.961185903452156
2023-12-27 16:40:00,7.976,7.941327166907309,0.018662644550204277,7.959989811457513
2023-12-27 16:50:00,8.003,7.941327166907309,0.009148146957159042,7.950475313864468
2023-12-27 17:00:00,8.008,7.941327166907309,0.014501390978693962,7.955828557886003
2023-12-27 17:10:00,8.0,7.941327166907309,0.0070731546729803085,7.948400321580289
2023-12-27 17:20:00,7.992,7.941327166907309,0.0012697689235210419,7.94259693583083
2023-12-27 17:30:00,8.006,7.941327166907309,0.004595447331666946,7.945922614238976
2023-12-27 17:40:00,7.989,7.941327166907309,0.010659732855856419,7.951986899763165
2023-12-27 17:50:00,7.984,7.941327166907309,0.022970691323280334,7.964297858230589
2023-12-27 18:00:00,7.997,7.941327166907309,0.017437363043427467,7.958764529950736
2023-12-27 18:10:00,7.986,7.941327166907309,0.018742341548204422,7.960069508455513
2023-12-27 18:20:00,7.983,7.941327166907309,0.013128510676324368,7.954455677583633
2023-12-27 18:30:00,7.988,7.941327166907309,0.011004539206624031,7.952331706113933
2023-12-27 18:40:00,7.976,7.941327166907309,-0.0057281507179141045,7.935599016189395
2023-12-27 18:50:00,7.985,7.941327166907309,-0.003566618310287595,7.937760548597021
2023-12-27 19:00:00,7.987,7.941327166907309,-0.002171672647818923,7.93915549425949
2023-12-27 19:10:00,7.989,7.941327166907309,0.012155214324593544,7.953482381231902
2023-12-27 19:20:00,7.984,7.941327166907309,0.0387587770819664,7.980085943989275
2023-12-27 19:30:00,7.985,7.941327166907309,0.06034989282488823,8.001677059732197
2023-12-27 19:40:00,7.997,7.941327166907309,0.08183407038450241,8.023161237291811
2023-12-27 19:50:00,7.999,7.941327166907309,0.07349694520235062,8.01482411210966
2023-12-27 20:00:00,7.996,7.941327166907309,0.051290761679410934,7.99261792858672
2023-12-27 20:10:00,7.981,7.941327166907309,0.046470124274492264,7.987797291181801
2023-12-27 20:20:00,7.974,7.941327166907309,0.030492031946778297,7.971819198854087
2023-12-27 20:30:00,8.0,7.941327166907309,0.04990847036242485,7.9912356372697335
2023-12-27 20:40:00,7.975,7.941327166907309,0.04630226641893387,7.9876294333262425
2023-12-27 20:50:00,7.979,7.941327166907309,0.062244780361652374,8.003571947268961
2023-12-27 21:00:00,7.982,7.941327166907309,0.05216594785451889,7.993493114761828
2023-12-27 21:10:00,7.991,7.941327166907309,0.050204142928123474,7.991531309835432
2023-12-27 21:20:00,7.983,7.941327166907309,0.040072567760944366,7.981399734668253
2023-12-27 21:30:00,7.978,7.941327166907309,0.05018968507647514,7.991516851983784
2023-12-27 21:40:00,7.988,7.941327166907309,0.06103207916021347,8.002359246067522
2023-12-27 21:50:00,7.992,7.941327166907309,0.04449541121721268,7.985822578124521
2023-12-27 22:00:00,7.978,7.941327166907309,0.01672949455678463,7.958056661464093
2023-12-27 22:10:00,7.98,7.941327166907309,0.006043816916644573,7.947370983823953
2023-12-27 22:20:00,7.977,7.941327166907309,-0.025190724059939384,7.916136442847369
2023-12-27 22:30:00,7.954,7.941327166907309,-0.03636711835861206,7.904960048548697
2023-12-27 22:40:00,7.947,7.941327166907309,-0.034911736845970154,7.9064154300613385
2023-12-27 22:50:00,7.956,7.941327166907309,-0.02474711462855339,7.916580052278755
2023-12-27 23:00:00,7.944,7.941327166907309,-0.00023086275905370712,7.941096304148255
2023-12-27 23:10:00,7.93,7.941327166907309,-0.0016706092283129692,7.939656557678996
2023-12-27 23:20:00,7.933,7.941327166907309,-0.013096988201141357,7.928230178706167
2023-12-27 23:30:00,7.947,7.941327166907309,-0.0020944399293512106,7.9392327269779575
2023-12-27 23:40:00,7.956,7.941327166907309,0.01118217222392559,7.952509339131234
2023-12-27 23:50:00,7.963,7.941327166907309,0.003032588167116046,7.944359755074425
2023-12-28 00:00:00,7.963,7.941327166907309,-0.010056818835437298,7.931270348071871
2023-12-28 00:10:00,7.967,7.941327166907309,-0.008457859046757221,7.9328693078605514
2023-12-28 00:20:00,7.963,7.941327166907309,-0.022980954498052597,7.918346212409256
2023-12-28 00:30:00,7.963,7.941327166907309,-0.049131039530038834,7.89219612737727
2023-12-28 00:40:00,7.954,7.941327166907309,-0.053657546639442444,7.887669620267866
2023-12-28 00:50:00,7.961,7.941327166907309,-0.009943219833076,7.931383947074233
2023-12-28 01:00:00,7.955,7.941327166907309,0.043765462934970856,7.9850926298422795
2023-12-28 01:10:00,7.953,7.941327166907309,0.015077454037964344,7.956404620945273
2023-12-28 01:20:00,7.954,7.941327166907309,-0.007372883148491383,7.933954283758817
2023-12-28 01:30:00,7.96,7.941327166907309,-0.03005189076066017,7.9112752761466485
2023-12-28 01:40:00,7.955,7.941327166907309,0.007725277915596962,7.949052444822906
2023-12-28 01:50:00,7.955,7.941327166907309,0.03227416053414345,7.973601327441452
2023-12-28 02:00:00,7.955,7.941327166907309,0.017907027155160904,7.95923419406247
2023-12-28 02:10:00,7.956,7.941327166907309,0.007156834937632084,7.948484001844941
2023-12-28 02:20:00,7.949,7.941327166907309,0.0382290855050087,7.979556252412317
2023-12-28 02:30:00,7.955,7.941327166907309,0.0327829085290432,7.974110075436352
2023-12-28 02:40:00,7.955,7.941327166907309,0.05295771360397339,7.994284880511282
2023-12-28 02:50:00,7.949,7.941327166907309,0.032342806458473206,7.973669973365782
2023-12-28 03:00:00,7.943,7.941327166907309,0.05149713158607483,7.9928242984933835
2023-12-28 03:10:00,7.937,7.941327166907309,0.04669354110956192,7.988020708016871
2023-12-28 03:20:00,7.925,7.941327166907309,-0.019519994035363197,7.9218071728719455
2023-12-28 03:30:00,7.923,7.941327166907309,-0.025881795212626457,7.915445371694682
2023-12-28 03:40:00,7.925,7.941327166907309,0.0019309743074700236,7.943258141214779
2023-12-28 03:50:00,7.932,7.941327166907309,0.05278156325221062,7.994108730159519
2023-12-28 07:20:00,7.965,7.941327166907309,0.08327217400074005,8.024599340908049
2023-12-28 07:30:00,7.978,7.941327166907309,0.1355169415473938,8.076844108454702
2023-12-28 07:40:00,7.969,7.941327166907309,0.14135292172431946,8.082680088631628
2023-12-28 07:50:00,7.979,7.941327166907309,0.12736380100250244,8.068690967909811
2023-12-28 08:00:00,7.979,7.941327166907309,0.1650475263595581,8.106374693266867
2023-12-28 08:10:00,7.974,7.941327166907309,0.13512034714221954,8.076447514049528
2023-12-28 08:20:00,7.982,7.941327166907309,0.11712062358856201,8.05844779049587
2023-12-28 08:30:00,7.977,7.941327166907309,0.1260768622159958,8.067404029123304
2023-12-28 08:40:00,7.976,7.941327166907309,0.14774350821971893,8.089070675127028
2023-12-28 08:50:00,7.986,7.941327166907309,0.0952269658446312,8.03655413275194
2023-12-28 09:00:00,7.983,7.941327166907309,0.11861910670995712,8.059946273617266
2023-12-28 09:10:00,7.981,7.941327166907309,0.15405599772930145,8.09538316463661
2023-12-28 09:20:00,7.981,7.941327166907309,0.13606445491313934,8.077391621820448
2023-12-28 09:30:00,7.993,7.941327166907309,0.09541232138872147,8.03673948829603
2023-12-28 09:40:00,7.991,7.941327166907309,0.09847377240657806,8.039800939313887
2023-12-28 09:50:00,7.994,7.941327166907309,0.09669174253940582,8.038018909446714
2023-12-28 10:00:00,7.989,7.941327166907309,0.11336047202348709,8.054687638930796
2023-12-28 10:10:00,7.976,7.941327166907309,0.08745509386062622,8.028782260767935
2023-12-28 10:20:00,7.982,7.941327166907309,0.09290259331464767,8.034229760221956
2023-12-28 10:30:00,7.989,7.941327166907309,0.10689423978328705,8.048221406690596
2023-12-28 10:40:00,7.986,7.941327166907309,0.09698635339736938,8.038313520304678
2023-12-28 10:50:00,7.979,7.941327166907309,0.06581339985132217,8.00714056675863
2023-12-28 11:00:00,7.992,7.941327166907309,0.04903546720743179,7.9903626341147405
2023-12-28 11:10:00,7.989,7.941327166907309,0.07795720547437668,8.019284372381685
2023-12-28 11:20:00,7.993,7.941327166907309,0.08924487978219986,8.030572046689509
2023-12-28 11:30:00,7.995,7.941327166907309,0.1032574251294136,8.044584592036722
2023-12-28 11:40:00,7.985,7.941327166907309,0.058668870478868484,7.999996037386177
2023-12-28 11:50:00,7.989,7.941327166907309,0.052967485040426254,7.994294651947735
2023-12-28 12:00:00,7.997,7.941327166907309,0.06637933850288391,8.007706505410193
2023-12-28 12:10:00,7.996,7.941327166907309,0.0758696049451828,8.017196771852491
2023-12-28 12:20:00,7.986,7.941327166907309,0.029842017218470573,7.971169184125779
2023-12-28 12:30:00,7.98,7.941327166907309,0.0207094457000494,7.962036612607358
2023-12-28 12:40:00,7.982,7.941327166907309,0.01510599534958601,7.956433162256895
2023-12-28 12:50:00,7.987,7.941327166907309,0.027839122340083122,7.969166289247392
2023-12-28 13:00:00,7.992,7.941327166907309,0.0024350127205252647,7.943762179627834
2023-12-28 13:10:00,7.975,7.941327166907309,0.01171425636857748,7.953041423275886
2023-12-28 13:20:00,7.981,7.941327166907309,0.0064303334802389145,7.947757500387548
2023-12-28 13:30:00,7.992,7.941327166907309,0.02461552992463112,7.96594269683194
2023-12-28 13:40:00,7.995,7.941327166907309,0.006489835679531097,7.94781700258684
2023-12-28 13:50:00,7.983,7.941327166907309,-0.007644494064152241,7.933682672843156
2023-12-28 14:00:00,7.997,7.941327166907309,-0.030894864350557327,7.910432302556751
2023-12-28 14:10:00,8.0,7.941327166907309,-0.021936306729912758,7.919390860177396
2023-12-28 14:20:00,7.996,7.941327166907309,-0.01781865768134594,7.923508509225963
2023-12-28 14:30:00,7.998,7.941327166907309,-0.0044698528945446014,7.936857314012764
2023-12-28 14:40:00,7.988,7.941327166907309,0.0011877826182171702,7.942514949525526
2023-12-28 14:50:00,7.986,7.941327166907309,0.014427624642848969,7.955754791550158
2023-12-28 15:00:00,8.0,7.941327166907309,0.039137523621320724,7.980464690528629
2023-12-28 15:10:00,7.998,7.941327166907309,0.03530268371105194,7.976629850618361
2023-12-28 15:20:00,7.982,7.941327166907309,0.008519425056874752,7.949846591964183
2023-12-28 15:30:00,7.99,7.941327166907309,0.04094116762280464,7.982268334530113
2023-12-28 15:40:00,7.993,7.941327166907309,0.04307173937559128,7.9843989062829
2023-12-28 15:50:00,7.99,7.941327166907309,0.035656318068504333,7.976983484975813
2023-12-28 16:00:00,8.007,7.941327166907309,0.0648384690284729,8.006165635935782
2023-12-28 16:10:00,7.998,7.941327166907309,0.016123460605740547,7.957450627513049
2023-12-28 16:20:00,7.991,7.941327166907309,0.005957828834652901,7.947284995741962
2023-12-28 16:30:00,7.997,7.941327166907309,0.03357287868857384,7.9749000455958825
2023-12-28 16:40:00,7.991,7.941327166907309,0.03420618548989296,7.975533352397202
2023-12-28 16:50:00,7.992,7.941327166907309,0.013933105394244194,7.955260272301553
2023-12-28 17:00:00,7.998,7.941327166907309,0.021552613005042076,7.962879779912351
2023-12-28 17:10:00,8.0,7.941327166907309,0.03761516511440277,7.978942332021711
2023-12-28 17:20:00,8.001,7.941327166907309,0.02429860830307007,7.965625775210379
2023-12-28 17:30:00,7.994,7.941327166907309,0.033820174634456635,7.975147341541765
2023-12-28 17:40:00,8.012,7.941327166907309,0.03884553909301758,7.980172706000326
2023-12-28 17:50:00,7.99,7.941327166907309,0.054611124098300934,7.99593829100561
2023-12-28 18:00:00,7.974,7.941327166907309,0.01651838980615139,7.95784555671346
2023-12-28 18:10:00,8.002,7.941327166907309,0.015951747074723244,7.957278913982032
2023-12-28 18:20:00,8.013,7.941327166907309,0.017782777547836304,7.959109944455145
2023-12-28 18:30:00,8.01,7.941327166907309,0.030150212347507477,7.971477379254816
2023-12-28 18:40:00,7.984,7.941327166907309,0.04577508196234703,7.987102248869656
2023-12-28 18:50:00,7.992,7.941327166907309,0.024915305897593498,7.966242472804902
2023-12-28 19:00:00,8.001,7.941327166907309,0.020640093833208084,7.961967260740517
2023-12-28 19:10:00,7.999,7.941327166907309,0.04065752029418945,7.981984687201498
2023-12-28 19:20:00,8.006,7.941327166907309,0.032726772129535675,7.974053939036844
2023-12-28 19:30:00,8.0,7.941327166907309,0.004883951507508755,7.946211118414817
2023-12-28 19:40:00,8.0,7.941327166907309,0.0006160069024190307,7.941943173809728
2023-12-28 19:50:00,7.999,7.941327166907309,-0.008051238022744656,7.933275928884564
2023-12-28 20:00:00,7.996,7.941327166907309,-0.013421284966170788,7.927905881941138
2023-12-28 20:10:00,7.99,7.941327166907309,-0.014594336040318012,7.926732830866991
2023-12-28 20:20:00,7.992,7.941327166907309,0.0026700319722294807,7.943997198879538
2023-12-28 20:30:00,7.983,7.941327166907309,-0.013368039391934872,7.927959127515374
2023-12-28 20:40:00,7.991,7.941327166907309,-0.033571477979421616,7.907755688927887
2023-12-28 20:50:00,7.989,7.941327166907309,0.0011608513304963708,7.942488018237805
2023-12-28 21:00:00,7.981,7.941327166907309,0.0445898212492466,7.985916988156555
2023-12-28 21:10:00,7.975,7.941327166907309,0.03995402902364731,7.981281195930956
2023-12-28 21:20:00,7.984,7.941327166907309,0.016195496544241905,7.957522663451551
2023-12-28 21:30:00,7.974,7.941327166907309,-0.005506870336830616,7.935820296570478
2023-12-28 21:40:00,7.968,7.941327166907309,0.007701026275753975,7.949028193183063
2023-12-28 21:50:00,7.956,7.941327166907309,0.005801497958600521,7.947128664865909
2023-12-28 22:00:00,7.958,7.941327166907309,0.029866185039281845,7.9711933519465905
2023-12-28 22:10:00,7.955,7.941327166907309,0.05386006832122803,7.995187235228537
2023-12-28 22:20:00,7.957,7.941327166907309,0.06694544106721878,8.008272607974527
2023-12-28 22:30:00,7.96,7.941327166907309,0.11377712339162827,8.055104290298937
2023-12-28 22:40:00,7.959,7.941327166907309,0.09260234236717224,8.033929509274481
2023-12-28 22:50:00,7.924,7.941327166907309,0.07521707564592361,8.016544242553232
2023-12-28 23:00:00,7.94,7.941327166907309,0.11173421144485474,8.053061378352163
2023-12-28 23:10:00,7.924,7.941327166907309,0.14516189694404602,8.086489063851355
2023-12-28 23:20:00,7.97,7.941327166907309,0.12099094688892365,8.062318113796232
2023-12-28 23:30:00,7.985,7.941327166907309,0.13315695524215698,8.074484122149466
2023-12-28 23:40:00,7.981,7.941327166907309,0.09338424354791641,8.034711410455225
2023-12-28 23:50:00,8.006,7.941327166907309,0.06478594243526459,8.006113109342573
2023-12-29 00:00:00,8.005,7.941327166907309,0.03075813688337803,7.972085303790687
2023-12-29 00:10:00,8.006,7.941327166907309,0.003846904030069709,7.945174070937378
2023-12-29 00:20:00,8.004,7.941327166907309,0.017221080139279366,7.958548247046588
2023-12-29 00:30:00,8.003,7.941327166907309,0.027624208480119705,7.968951375387428
2023-12-29 00:40:00,8.004,7.941327166907309,0.008345475420355797,7.9496726423276645
2023-12-29 00:50:00,7.998,7.941327166907309,0.02288888953626156,7.96421605644357
2023-12-29 01:00:00,7.995,7.941327166907309,-0.011831840500235558,7.929495326407073
2023-12-29 01:10:00,7.991,7.941327166907309,-0.033979468047618866,7.90734769885969
2023-12-29 01:20:00,7.978,7.941327166907309,-0.03106224536895752,7.910264921538351
2023-12-29 01:30:00,7.975,7.941327166907309,-0.015806743875145912,7.925520423032163
2023-12-29 01:40:00,7.987,7.941327166907309,-0.0013577535282820463,7.939969413379027
2023-12-29 01:50:00,7.99,7.941327166907309,0.0026301362086087465,7.943957303115917
2023-12-29 02:00:00,7.985,7.941327166907309,0.012250849977135658,7.953578016884444
2023-12-29 02:10:00,7.984,7.941327166907309,-0.0025589957367628813,7.938768171170546
2023-12-29 02:20:00,7.982,7.941327166907309,0.04996178299188614,7.991288949899195
2023-12-29 02:30:00,7.977,7.941327166907309,0.0827498733997345,8.024077040307043
2023-12-29 02:40:00,7.971,7.941327166907309,0.06631043553352356,8.007637602440832
2023-12-29 02:50:00,7.978,7.941327166907309,0.09446223080158234,8.035789397708891
2023-12-29 03:00:00,7.969,7.941327166907309,0.13919711112976074,8.08052427803707
2023-12-29 03:10:00,7.972,7.941327166907309,0.134287491440773,8.075614658348082
2023-12-29 03:20:00,7.967,7.941327166907309,0.09463661164045334,8.035963778547762
2023-12-29 03:30:00,7.971,7.941327166907309,0.1144009679555893,8.055728134862898
2023-12-29 03:40:00,7.961,7.941327166907309,0.09585849940776825,8.037185666315077
2023-12-29 03:50:00,7.95,7.941327166907309,0.07284647971391678,8.014173646621225
2023-12-29 04:00:00,7.957,7.941327166907309,0.09382861852645874,8.035155785433767
2023-12-29 04:10:00,7.92,7.941327166907309,0.05908007547259331,8.000407242379902
2023-12-29 04:20:00,7.938,7.941327166907309,0.08783368021249771,8.029160847119806
2023-12-29 04:30:00,7.946,7.941327166907309,0.03040316514670849,7.971730332054017
2023-12-29 04:40:00,7.929,7.941327166907309,0.010115417651832104,7.951442584559141
2023-12-29 05:30:00,7.91,7.941327166907309,-0.05557400360703468,7.885753163300274
2023-12-29 07:40:00,7.996,7.941327166907309,-0.0369960255920887,7.90433114131522
2023-12-29 07:50:00,7.995,7.941327166907309,0.017520470544695854,7.9588476374520045
2023-12-29 08:00:00,7.991,7.941327166907309,-0.047953613102436066,7.893373553804873
2023-12-29 08:10:00,7.994,7.941327166907309,0.01991705223917961,7.961244219146488
2023-12-29 08:20:00,7.985,7.941327166907309,-0.002865172689780593,7.938461994217528
2023-12-29 08:30:00,7.989,7.941327166907309,0.006103642284870148,7.947430809192179
2023-12-29 08:40:00,7.982,7.941327166907309,0.025736069306731224,7.96706323621404
2023-12-29 08:50:00,7.97,7.941327166907309,0.01672414503991604,7.958051311947225
2023-12-29 09:00:00,7.967,7.941327166907309,0.054091256111860275,7.995418423019169
2023-12-29 09:10:00,7.956,7.941327166907309,0.05496765673160553,7.996294823638914
2023-12-29 09:20:00,7.96,7.941327166907309,0.048533856868743896,7.989861023776053
2023-12-29 09:30:00,7.96,7.941327166907309,0.06259463727474213,8.00392180418205
2023-12-29 09:40:00,7.963,7.941327166907309,0.05993027612566948,8.001257443032978
2023-12-29 09:50:00,7.964,7.941327166907309,0.07776396721601486,8.019091134123324
2023-12-29 10:00:00,7.962,7.941327166907309,0.058447882533073425,7.999775049440382
2023-12-29 10:10:00,7.965,7.941327166907309,0.03988488391041756,7.981212050817726
2023-12-29 10:20:00,7.963,7.941327166907309,0.05743631720542908,7.998763484112738
2023-12-29 10:30:00,7.963,7.941327166907309,0.09358875453472137,8.03491592144203
2023-12-29 10:40:00,7.962,7.941327166907309,0.07995060831308365,8.021277775220392
2023-12-29 10:50:00,7.962,7.941327166907309,0.09859351813793182,8.03992068504524
2023-12-29 11:00:00,7.968,7.941327166907309,0.08366528898477554,8.024992455892084
2023-12-29 11:10:00,7.977,7.941327166907309,0.07243286818265915,8.013760035089968
2023-12-29 11:20:00,7.964,7.941327166907309,0.09498044103384018,8.036307607941149
2023-12-29 11:30:00,7.961,7.941327166907309,0.08201415091753006,8.023341317824839
2023-12-29 11:40:00,7.959,7.941327166907309,0.09208693355321884,8.033414100460528
2023-12-29 11:50:00,7.963,7.941327166907309,0.1059497818350792,8.047276948742388
2023-12-29 12:00:00,7.968,7.941327166907309,0.12814532220363617,8.069472489110945
2023-12-29 12:10:00,7.957,7.941327166907309,0.1035260334610939,8.044853200368403
2023-12-29 12:20:00,7.959,7.941327166907309,0.0985778346657753,8.039905001573084
2023-12-29 12:30:00,7.95,7.941327166907309,0.09211269021034241,8.033439857117651
2023-12-29 12:40:00,7.966,7.941327166907309,0.07045745104551315,8.011784617952822
2023-12-29 12:50:00,7.96,7.941327166907309,0.030568065121769905,7.971895232029079
2023-12-29 13:00:00,7.954,7.941327166907309,0.030816342681646347,7.972143509588955
2023-12-29 13:10:00,7.97,7.941327166907309,0.03331887722015381,7.9746460441274625
2023-12-29 13:20:00,7.966,7.941327166907309,0.03264734521508217,7.973974512122391
2023-12-29 13:30:00,7.964,7.941327166907309,0.04275507852435112,7.98408224543166
2023-12-29 13:40:00,7.952,7.941327166907309,0.05954889953136444,8.000876066438673
2023-12-29 13:50:00,7.96,7.941327166907309,0.04376343637704849,7.985090603284357
2023-12-29 14:00:00,7.966,7.941327166907309,0.053259219974279404,7.994586386881588
2023-12-29 14:10:00,7.959,7.941327166907309,0.03362537547945976,7.974952542386768
2023-12-29 14:20:00,7.98,7.941327166907309,0.030307700857520103,7.971634867764829
2023-12-29 14:30:00,7.957,7.941327166907309,0.0015443724114447832,7.9428715393187534
2023-12-29 14:40:00,7.968,7.941327166907309,0.013018094934523106,7.954345261841832
2023-12-29 14:50:00,7.976,7.941327166907309,-0.012711209245026112,7.9286159576622826
2023-12-29 15:00:00,7.987,7.941327166907309,-0.022304026409983635,7.919023140497325
2023-12-29 15:10:00,7.981,7.941327166907309,-0.003308797487989068,7.93801836941932
2023-12-29 15:20:00,7.971,7.941327166907309,0.007798884995281696,7.94912605190259
2023-12-29 15:30:00,7.992,7.941327166907309,0.02543688379228115,7.96676405069959
2023-12-29 15:40:00,7.981,7.941327166907309,0.014786939136683941,7.956114106043993
2023-12-29 15:50:00,7.984,7.941327166907309,0.006264032796025276,7.947591199703334
2023-12-29 16:00:00,7.992,7.941327166907309,0.03029446490108967,7.971621631808398
2023-12-29 16:10:00,7.978,7.941327166907309,0.002171398838981986,7.943498565746291
2023-12-29 16:20:00,7.99,7.941327166907309,-0.014952336438000202,7.9263748304693085
2023-12-29 16:30:00,7.995,7.941327166907309,-0.005400094203650951,7.935927072703658
2023-12-29 16:40:00,8.004,7.941327166907309,-0.02151918038725853,7.91980798652005
2023-12-29 16:50:00,7.994,7.941327166907309,-0.0027769000735133886,7.938550266833795
2023-12-29 17:00:00,7.999,7.941327166907309,0.015697771683335304,7.957024938590644
2023-12-29 17:10:00,7.995,7.941327166907309,0.013643489219248295,7.954970656126557
2023-12-29 17:20:00,7.994,7.941327166907309,0.005938258953392506,7.947265425860701
2023-12-29 17:30:00,8.003,7.941327166907309,-0.01048977579921484,7.930837391108094
2023-12-29 17:40:00,8.0,7.941327166907309,-0.0017751527484506369,7.939552014158858
2023-12-29 17:50:00,7.994,7.941327166907309,-0.022409996017813683,7.918917170889495
2023-12-29 18:00:00,7.995,7.941327166907309,-0.031065918505191803,7.910261248402117
2023-12-29 18:10:00,7.994,7.941327166907309,-0.014478570781648159,7.9268485961256605
2023-12-29 18:20:00,7.996,7.941327166907309,-0.015127922408282757,7.926199244499026
2023-12-29 18:30:00,7.999,7.941327166907309,0.015704093500971794,7.9570312604082805
2023-12-29 18:40:00,7.993,7.941327166907309,0.013647088780999184,7.954974255688308
2023-12-29 18:50:00,7.998,7.941327166907309,0.008276217617094517,7.949603384524403
2023-12-29 19:00:00,7.992,7.941327166907309,0.028744183480739594,7.970071350388048
2023-12-29 19:10:00,7.992,7.941327166907309,0.01552677620202303,7.956853943109332
2023-12-29 19:20:00,7.988,7.941327166907309,0.013861117884516716,7.955188284791825
2023-12-29 19:30:00,7.984,7.941327166907309,-0.006334608420729637,7.934992558486579
2023-12-29 19:40:00,7.972,7.941327166907309,0.004842179827392101,7.946169346734701
2023-12-29 19:50:00,7.971,7.941327166907309,0.028559790924191475,7.9698869578315
2023-12-29 20:00:00,7.962,7.941327166907309,0.01638738624751568,7.957714553154824
2023-12-29 20:10:00,7.972,7.941327166907309,0.03614598885178566,7.977473155759094
2023-12-29 20:20:00,7.981,7.941327166907309,0.05938929319381714,8.000716460101126
2023-12-29 20:30:00,7.994,7.941327166907309,0.10105220228433609,8.042379369191645
2023-12-29 20:40:00,7.989,7.941327166907309,0.10099128633737564,8.042318453244684
2023-12-29 20:50:00,7.985,7.941327166907309,0.0647149607539177,8.006042127661226
2023-12-29 21:00:00,7.979,7.941327166907309,0.04498390853404999,7.986311075441359
2023-12-29 21:10:00,7.982,7.941327166907309,0.04787250608205795,7.989199672989367
2023-12-29 21:20:00,7.983,7.941327166907309,0.019814535975456238,7.961141702882765
2023-12-29 21:30:00,7.984,7.941327166907309,0.031884633004665375,7.973211799911974
2023-12-29 21:40:00,7.985,7.941327166907309,0.009804990142583847,7.9511321570498925
2023-12-29 21:50:00,7.982,7.941327166907309,0.010588773526251316,7.95191594043356
2023-12-29 22:00:00,7.98,7.941327166907309,0.020490949973464012,7.961818116880773
2023-12-29 22:10:00,7.976,7.941327166907309,0.05609578639268875,7.997422953299997
2023-12-29 22:20:00,7.968,7.941327166907309,0.07510865479707718,8.016435821704386
2023-12-29 22:30:00,7.979,7.941327166907309,0.0653156042098999,8.006642771117209
2023-12-29 22:40:00,7.958,7.941327166907309,0.07024578750133514,8.011572954408644
2023-12-29 22:50:00,7.941,7.941327166907309,0.05940727889537811,8.000734445802687
2023-12-29 23:00:00,7.953,7.941327166907309,0.05721587687730789,7.998543043784617
2023-12-29 23:10:00,7.936,7.941327166907309,0.040578704327344894,7.981905871234654
2023-12-29 23:20:00,7.937,7.941327166907309,0.03811812028288841,7.979445287190197
2023-12-29 23:30:00,7.953,7.941327166907309,0.04847319424152374,7.989800361148832
2023-12-29 23:40:00,7.97,7.941327166907309,0.07514626532793045,8.01647343223524
2023-12-29 23:50:00,7.975,7.941327166907309,0.03317827358841896,7.974505440495728
2023-12-30 00:00:00,7.978,7.941327166907309,0.044039856642484665,7.985367023549793
2023-12-30 00:10:00,7.977,7.941327166907309,0.06888461112976074,8.01021177803707
2023-12-30 00:20:00,7.975,7.941327166907309,0.06593770533800125,8.00726487224531
2023-12-30 00:30:00,7.982,7.941327166907309,0.044659607112407684,7.985986774019716
2023-12-30 00:40:00,7.973,7.941327166907309,0.07764239609241486,8.018969562999724
2023-12-30 00:50:00,7.984,7.941327166907309,0.07502071559429169,8.0163478825016
2023-12-30 01:00:00,7.972,7.941327166907309,0.06224581226706505,8.003572979174374
2023-12-30 01:10:00,7.957,7.941327166907309,0.061191264539957047,8.002518431447266
2023-12-30 01:20:00,7.947,7.941327166907309,0.05725843459367752,7.998585601500986
2023-12-30 01:30:00,7.948,7.941327166907309,0.08430740237236023,8.025634569279669
2023-12-30 01:40:00,7.949,7.941327166907309,0.08204685896635056,8.02337402587366
2023-12-30 01:50:00,7.943,7.941327166907309,0.09854382276535034,8.039870989672659
2023-12-30 02:00:00,7.939,7.941327166907309,0.0918164923787117,8.03314365928602
2023-12-30 02:10:00,7.944,7.941327166907309,0.10719265043735504,8.048519817344664
2023-12-30 02:20:00,7.947,7.941327166907309,0.10967697948217392,8.051004146389483
2023-12-30 02:30:00,7.942,7.941327166907309,0.0741375982761383,8.015464765183447
2023-12-30 02:40:00,7.944,7.941327166907309,0.08048949390649796,8.021816660813807
2023-12-30 02:50:00,7.943,7.941327166907309,0.07212056964635849,8.013447736553667
2023-12-30 03:00:00,7.946,7.941327166907309,0.08499333262443542,8.026320499531744
2023-12-30 03:10:00,7.938,7.941327166907309,0.07527247071266174,8.01659963761997
2023-12-30 03:20:00,7.938,7.941327166907309,0.0532115139067173,7.994538680814026
2023-12-30 03:30:00,7.938,7.941327166907309,0.07783442735671997,8.019161594264029
2023-12-30 03:40:00,7.934,7.941327166907309,0.09744720906019211,8.0387743759675
2023-12-30 03:50:00,7.923,7.941327166907309,0.10978337377309799,8.051110540680407
2023-12-30 04:00:00,7.931,7.941327166907309,0.12194337695837021,8.063270543865679
2023-12-30 04:10:00,7.933,7.941327166907309,0.12067127972841263,8.061998446635721
2023-12-31 20:00:00,7.93,7.941327166907309,0.11471618711948395,8.056043354026793
2023-12-31 20:10:00,7.926,7.941327166907309,0.13172966241836548,8.073056829325674
2023-12-31 20:20:00,7.925,7.941327166907309,0.10770797729492188,8.04903514420223
2023-12-31 20:30:00,7.93,7.941327166907309,0.0880596712231636,8.029386838130472
2023-12-31 20:40:00,7.928,7.941327166907309,0.06517745554447174,8.00650462245178
2023-12-31 20:50:00,7.931,7.941327166907309,0.03228519856929779,7.9736123654766065
2023-12-31 21:00:00,7.93,7.941327166907309,0.03428204730153084,7.9756092142088395
2023-12-31 21:10:00,7.936,7.941327166907309,0.04268810898065567,7.984015275887964
2023-12-31 21:20:00,7.939,7.941327166907309,0.027878064662218094,7.969205231569527
2023-12-31 21:30:00,7.94,7.941327166907309,0.03236386552453041,7.973691032431839
2023-12-31 21:40:00,7.937,7.941327166907309,0.04261348396539688,7.9839406508727055
2023-12-31 21:50:00,7.937,7.941327166907309,0.07519913464784622,8.016526301555155
2023-12-31 22:00:00,7.938,7.941327166907309,0.041777219623327255,7.983104386530636
2023-12-31 22:10:00,7.939,7.941327166907309,0.038783878087997437,7.980111044995306
2023-12-31 22:20:00,7.941,7.941327166907309,0.0523296594619751,7.993656826369284
2023-12-31 22:30:00,7.947,7.941327166907309,0.06022997573018074,8.00155714263749
2023-12-31 22:40:00,7.942,7.941327166907309,0.03870309144258499,7.980030258349894
2023-12-31 22:50:00,7.942,7.941327166907309,0.017429310828447342,7.958756477735756
2023-12-31 23:00:00,7.932,7.941327166907309,0.003208440262824297,7.944535607170133
2023-12-31 23:10:00,7.936,7.941327166907309,0.03347248211503029,7.974799649022339
2023-12-31 23:20:00,7.938,7.941327166907309,0.04160739481449127,7.9829345617218
2023-12-31 23:30:00,7.933,7.941327166907309,0.02021477185189724,7.961541938759206
2023-12-31 23:40:00,7.934,7.941327166907309,0.025477871298789978,7.966805038206099
2023-12-31 23:50:00,7.94,7.941327166907309,0.01743384636938572,7.958761013276694
2024-01-01 00:00:00,7.937,7.941327166907309,0.015725165605545044,7.957052332512854
2024-01-01 00:10:00,7.932,7.941327166907309,0.027006618678569794,7.9683337855858785
