timestamp_input,timestamp_target,actual_DO,predicted_DO,absolute_error,squared_error,forecast_horizon_minutes,feature_set,model
2024-06-26 08:10:00,2024-06-26 08:10:00,7.149,6.726614642857141,0.42238535714285863,0.17840938992870023,10.0,rfe_cfs,random_forest
2024-06-26 08:20:00,2024-06-26 08:20:00,6.851,6.979514749999997,0.12851474999999724,0.01651604096756179,10.0,rfe_cfs,random_forest
2024-06-26 08:30:00,2024-06-26 08:30:00,6.545,6.743989256944448,0.19898925694444802,0.039596724379303554,10.0,rfe_cfs,random_forest
2024-06-26 08:40:00,2024-06-26 08:40:00,6.529,6.643483666666664,0.11448366666666399,0.01310650993344383,10.0,rfe_cfs,random_forest
2024-06-26 08:50:00,2024-06-26 08:50:00,7.16,6.555168270833333,0.6048317291666674,0.3658214206067409,10.0,rfe_cfs,random_forest
2024-06-26 09:00:00,2024-06-26 09:00:00,7.041,6.840418750000002,0.20058124999999816,0.04023283785156176,10.0,rfe_cfs,random_forest
2024-06-26 09:10:00,2024-06-26 09:10:00,7.609,6.9966643452380985,0.6123356547619014,0.37495495409268653,10.0,rfe_cfs,random_forest
2024-06-26 09:20:00,2024-06-26 09:20:00,7.312,7.283897166666661,0.02810283333333885,0.0007897692413614211,10.0,rfe_cfs,random_forest
2024-06-26 09:30:00,2024-06-26 09:30:00,7.443,7.34665708333333,0.09634291666666961,0.009281957591840844,10.0,rfe_cfs,random_forest
2024-06-26 09:40:00,2024-06-26 09:40:00,7.308,7.248561500000003,0.05943849999999706,0.003532935282249651,10.0,rfe_cfs,random_forest
2024-06-26 09:50:00,2024-06-26 09:50:00,7.565,7.284806875000002,0.2801931249999985,0.07850818729726478,10.0,rfe_cfs,random_forest
2024-06-26 10:00:00,2024-06-26 10:00:00,7.495,7.332901500000006,0.1620984999999937,0.02627592370224796,10.0,rfe_cfs,random_forest
2024-06-26 10:10:00,2024-06-26 10:10:00,7.763,7.307860000000001,0.4551399999999992,0.20715241959999928,10.0,rfe_cfs,random_forest
2024-06-26 10:20:00,2024-06-26 10:20:00,7.519,7.467002749999995,0.05199725000000477,0.002703714007562996,10.0,rfe_cfs,random_forest
2024-06-26 10:30:00,2024-06-26 10:30:00,7.611,7.632424999999987,0.02142499999998737,0.00045903062499945885,10.0,rfe_cfs,random_forest
2024-06-26 10:40:00,2024-06-26 10:40:00,7.439,7.370596249999998,0.06840375000000165,0.0046790730140627255,10.0,rfe_cfs,random_forest
2024-06-26 10:50:00,2024-06-26 10:50:00,7.711,7.5032949999999925,0.2077050000000078,0.04314136702500324,10.0,rfe_cfs,random_forest
2024-06-26 11:00:00,2024-06-26 11:00:00,7.603,7.428572749999998,0.1744272500000017,0.030424865542563094,10.0,rfe_cfs,random_forest
2024-06-26 11:10:00,2024-06-26 11:10:00,7.826,7.755194999999987,0.07080500000001244,0.005013348025001762,10.0,rfe_cfs,random_forest
2024-06-26 11:20:00,2024-06-26 11:20:00,7.818,7.7869699999999975,0.03103000000000211,0.000962860900000131,10.0,rfe_cfs,random_forest
2024-06-26 11:30:00,2024-06-26 11:30:00,7.155,7.771627999999997,0.6166279999999968,0.38023009038399613,10.0,rfe_cfs,random_forest
2024-06-26 11:40:00,2024-06-26 11:40:00,7.025,7.3422495454545285,0.3172495454545281,0.10064727409110469,10.0,rfe_cfs,random_forest
2024-06-26 11:50:00,2024-06-26 11:50:00,7.375,6.935909333333325,0.43909066666667496,0.19280061355378506,10.0,rfe_cfs,random_forest
2024-06-26 12:00:00,2024-06-26 12:00:00,7.912,7.259692083333323,0.6523079166666772,0.42550561814602067,10.0,rfe_cfs,random_forest
2024-06-26 12:10:00,2024-06-26 12:10:00,7.809,7.590679999999996,0.21832000000000384,0.04766362240000168,10.0,rfe_cfs,random_forest
2024-06-26 12:20:00,2024-06-26 12:20:00,7.623,7.876939999999999,0.25393999999999917,0.06448552359999958,10.0,rfe_cfs,random_forest
2024-06-26 12:30:00,2024-06-26 12:30:00,7.632,7.804679999999991,0.17267999999999173,0.029818382399997144,10.0,rfe_cfs,random_forest
2024-06-26 12:40:00,2024-06-26 12:40:00,7.753,7.680854999999985,0.072145000000015,0.005204901025002165,10.0,rfe_cfs,random_forest
2024-06-26 12:50:00,2024-06-26 12:50:00,7.609,7.707294999999987,0.09829499999998692,0.009661907024997429,10.0,rfe_cfs,random_forest
2024-06-26 13:00:00,2024-06-26 13:00:00,7.548,7.7134899999999815,0.16548999999998149,0.027386940099993873,10.0,rfe_cfs,random_forest
2024-06-26 13:10:00,2024-06-26 13:10:00,7.683,7.711116249999987,0.028116249999986742,0.0007905235140617544,10.0,rfe_cfs,random_forest
2024-06-26 13:20:00,2024-06-26 13:20:00,7.567,7.67857,0.1115699999999995,0.012447864899999888,10.0,rfe_cfs,random_forest
2024-06-26 13:30:00,2024-06-26 13:30:00,7.777,7.736859999999987,0.04014000000001339,0.0016112196000010748,10.0,rfe_cfs,random_forest
2024-06-26 13:40:00,2024-06-26 13:40:00,7.662,7.703368333333328,0.041368333333328344,0.001711339002777365,10.0,rfe_cfs,random_forest
2024-06-26 13:50:00,2024-06-26 13:50:00,7.537,7.721734999999987,0.18473499999998744,0.03412702022499536,10.0,rfe_cfs,random_forest
2024-06-26 14:00:00,2024-06-26 14:00:00,7.331,7.739799999999985,0.4087999999999843,0.16711743999998716,10.0,rfe_cfs,random_forest
2024-06-26 14:10:00,2024-06-26 14:10:00,7.005,7.639854999999988,0.6348549999999884,0.40304087102498526,10.0,rfe_cfs,random_forest
2024-06-26 14:20:00,2024-06-26 14:20:00,7.089,7.186929333333313,0.09792933333331266,0.009590154327107062,10.0,rfe_cfs,random_forest
2024-06-26 14:30:00,2024-06-26 14:30:00,7.546,6.981443749999987,0.5645562500000132,0.3187237594140774,10.0,rfe_cfs,random_forest
2024-06-26 14:40:00,2024-06-26 14:40:00,7.363,7.268274702380946,0.09472529761905424,0.008972882009018402,10.0,rfe_cfs,random_forest
2024-06-26 14:50:00,2024-06-26 14:50:00,6.996,7.547714999999995,0.5517149999999944,0.30438944122499384,10.0,rfe_cfs,random_forest
2024-06-26 15:00:00,2024-06-26 15:00:00,7.345,7.169469333333316,0.17553066666668382,0.030811014940450465,10.0,rfe_cfs,random_forest
2024-06-26 15:10:00,2024-06-26 15:10:00,7.362,7.187361428571421,0.17463857142857897,0.03049863063061488,10.0,rfe_cfs,random_forest
2024-06-26 15:20:00,2024-06-26 15:20:00,7.491,7.258449999999994,0.23255000000000603,0.054079502500002805,10.0,rfe_cfs,random_forest
2024-06-26 15:30:00,2024-06-26 15:30:00,7.802,7.241840999999991,0.5601590000000085,0.3137781052810095,10.0,rfe_cfs,random_forest
2024-06-26 15:40:00,2024-06-26 15:40:00,7.316,7.696949999999998,0.38094999999999857,0.1451229024999989,10.0,rfe_cfs,random_forest
2024-06-26 15:50:00,2024-06-26 15:50:00,6.978,7.6140249999999865,0.6360249999999867,0.4045278006249831,10.0,rfe_cfs,random_forest
2024-06-26 16:00:00,2024-06-26 16:00:00,7.236,7.1961287499999855,0.039871250000014236,0.001589716576563635,10.0,rfe_cfs,random_forest
2024-06-26 16:10:00,2024-06-26 16:10:00,6.915,7.20841666666666,0.2934166666666602,0.08609334027777399,10.0,rfe_cfs,random_forest
2024-06-26 16:20:00,2024-06-26 16:20:00,7.156,6.8759908787878725,0.2800091212121272,0.07840510796198773,10.0,rfe_cfs,random_forest
2024-06-26 16:30:00,2024-06-26 16:30:00,7.172,7.046033295454536,0.12596670454546377,0.015867610654044163,10.0,rfe_cfs,random_forest
2024-06-26 16:40:00,2024-06-26 16:40:00,6.883,7.098064212121202,0.2150642121212023,0.046252615335313496,10.0,rfe_cfs,random_forest
2024-06-26 16:50:00,2024-06-26 16:50:00,6.885,6.9232663333333315,0.03826633333333174,0.0014643122667776557,10.0,rfe_cfs,random_forest
2024-06-26 17:00:00,2024-06-26 17:00:00,6.959,6.786640833333333,0.1723591666666664,0.029707682334027683,10.0,rfe_cfs,random_forest
2024-06-26 17:10:00,2024-06-26 17:10:00,7.08,6.861645083333327,0.21835491666667295,0.04767886963250969,10.0,rfe_cfs,random_forest
2024-06-26 17:20:00,2024-06-26 17:20:00,6.88,6.927015878787867,0.04701587878786739,0.0022104928581954393,10.0,rfe_cfs,random_forest
2024-06-26 17:30:00,2024-06-26 17:30:00,6.744,6.847514999999998,0.10351499999999803,0.010715355224999591,10.0,rfe_cfs,random_forest
2024-06-26 17:40:00,2024-06-26 17:40:00,6.993,6.717791428571434,0.2752085714285659,0.07573975778775206,10.0,rfe_cfs,random_forest
2024-06-26 17:50:00,2024-06-26 17:50:00,7.005,6.8256421666666585,0.17935783333334143,0.03216923237803068,10.0,rfe_cfs,random_forest
2024-06-26 18:00:00,2024-06-26 18:00:00,7.017,6.855307666666659,0.16169233333334176,0.026144410658780506,10.0,rfe_cfs,random_forest
2024-06-26 18:10:00,2024-06-26 18:10:00,6.839,6.908906527777768,0.06990652777776774,0.004886922625943812,10.0,rfe_cfs,random_forest
2024-06-26 18:20:00,2024-06-26 18:20:00,6.787,6.788593333333335,0.0015933333333348898,2.538711111116071e-06,10.0,rfe_cfs,random_forest
2024-06-26 18:30:00,2024-06-26 18:30:00,6.683,6.76511109090909,0.0821110909090903,0.006742231250280892,10.0,rfe_cfs,random_forest
2024-06-26 18:40:00,2024-06-26 18:40:00,6.672,6.633318928571432,0.03868107142856747,0.0014962252868619386,10.0,rfe_cfs,random_forest
2024-06-26 18:50:00,2024-06-26 18:50:00,6.298,6.5897299999999985,0.2917299999999985,0.08510639289999912,10.0,rfe_cfs,random_forest
2024-06-26 19:00:00,2024-06-26 19:00:00,6.422,6.540409833333333,0.11840983333333366,0.014020888630027855,10.0,rfe_cfs,random_forest
2024-06-26 19:10:00,2024-06-26 19:10:00,6.002,6.584946226190471,0.5829462261904714,0.33982630262971225,10.0,rfe_cfs,random_forest
2024-06-26 19:20:00,2024-06-26 19:20:00,6.62,6.340439999999997,0.2795600000000027,0.0781537936000015,10.0,rfe_cfs,random_forest
2024-06-26 19:30:00,2024-06-26 19:30:00,7.365,6.421420000000005,0.9435799999999954,0.8903432163999914,10.0,rfe_cfs,random_forest
2024-06-26 19:40:00,2024-06-26 19:40:00,7.222,7.317908749999991,0.09590874999999066,0.009198488326560708,10.0,rfe_cfs,random_forest
2024-06-26 19:50:00,2024-06-26 19:50:00,7.352,7.23529299999999,0.11670700000001055,0.013620523849002463,10.0,rfe_cfs,random_forest
2024-06-26 20:00:00,2024-06-26 20:00:00,7.528,7.227600666666669,0.30039933333333035,0.09023975946710933,10.0,rfe_cfs,random_forest
2024-06-26 20:10:00,2024-06-26 20:10:00,7.77,7.330435000000001,0.4395649999999982,0.19321738922499843,10.0,rfe_cfs,random_forest
2024-06-26 20:20:00,2024-06-26 20:20:00,7.778,7.718365,0.059634999999999216,0.0035563332249999064,10.0,rfe_cfs,random_forest
2024-06-26 20:30:00,2024-06-26 20:30:00,7.71,7.849065,0.13906500000000044,0.01933907422500012,10.0,rfe_cfs,random_forest
2024-06-26 20:40:00,2024-06-26 20:40:00,7.934,7.816989999999993,0.11701000000000672,0.013691340100001573,10.0,rfe_cfs,random_forest
2024-06-26 20:50:00,2024-06-26 20:50:00,7.647,7.910885000000004,0.2638850000000037,0.06963529322500195,10.0,rfe_cfs,random_forest
2024-06-26 21:00:00,2024-06-26 21:00:00,7.905,7.760824999999986,0.14417500000001393,0.020786430625004015,10.0,rfe_cfs,random_forest
2024-06-26 21:10:00,2024-06-26 21:10:00,8.146,7.883805000000002,0.2621949999999984,0.06874621802499917,10.0,rfe_cfs,random_forest
2024-06-26 21:20:00,2024-06-26 21:20:00,8.15,8.068060000000013,0.08193999999998702,0.006714163599997873,10.0,rfe_cfs,random_forest
2024-06-26 21:30:00,2024-06-26 21:30:00,8.19,7.980220000000019,0.20977999999998076,0.044007648399991925,10.0,rfe_cfs,random_forest
2024-06-26 21:40:00,2024-06-26 21:40:00,8.067,8.037160000000018,0.029839999999982325,0.0008904255999989452,10.0,rfe_cfs,random_forest
2024-06-26 21:50:00,2024-06-26 21:50:00,7.975,7.982545000000019,0.007545000000019009,5.692702500028684e-05,10.0,rfe_cfs,random_forest
2024-06-26 22:00:00,2024-06-26 22:00:00,7.944,7.968070000000015,0.024070000000015135,0.0005793649000007286,10.0,rfe_cfs,random_forest
2024-06-26 22:10:00,2024-06-26 22:10:00,7.932,7.993940000000018,0.06194000000001765,0.0038365636000021863,10.0,rfe_cfs,random_forest
2024-06-26 22:20:00,2024-06-26 22:20:00,7.856,7.916685000000012,0.06068500000001187,0.0036826692250014406,10.0,rfe_cfs,random_forest
2024-06-26 22:30:00,2024-06-26 22:30:00,7.885,7.919795000000015,0.03479500000001501,0.0012106920250010444,10.0,rfe_cfs,random_forest
2024-06-26 22:40:00,2024-06-26 22:40:00,7.532,7.910445000000014,0.37844500000001435,0.14322061802501088,10.0,rfe_cfs,random_forest
2024-06-26 22:50:00,2024-06-26 22:50:00,7.679,7.837634999999999,0.15863499999999853,0.025165063224999534,10.0,rfe_cfs,random_forest
2024-06-26 23:00:00,2024-06-26 23:00:00,7.505,7.718724999999993,0.21372499999999306,0.045678375624997034,10.0,rfe_cfs,random_forest
2024-06-26 23:10:00,2024-06-26 23:10:00,7.443,7.695444999999983,0.2524449999999838,0.06372847802499183,10.0,rfe_cfs,random_forest
2024-06-26 23:20:00,2024-06-26 23:20:00,7.327,7.669589999999986,0.3425899999999862,0.11736790809999054,10.0,rfe_cfs,random_forest
2024-06-26 23:30:00,2024-06-26 23:30:00,7.353,7.544673333333322,0.19167333333332248,0.036738666711106954,10.0,rfe_cfs,random_forest
2024-06-26 23:40:00,2024-06-26 23:40:00,7.344,7.2491527499999915,0.09484725000000882,0.008996000832564173,10.0,rfe_cfs,random_forest
2024-06-26 23:50:00,2024-06-26 23:50:00,7.268,7.258707499999994,0.009292500000006143,8.635055625011416e-05,10.0,rfe_cfs,random_forest
2024-06-27 00:00:00,2024-06-27 00:00:00,7.186,7.229407499999997,0.04340749999999716,0.0018842110562497531,10.0,rfe_cfs,random_forest
2024-06-27 00:10:00,2024-06-27 00:10:00,7.195,7.195547874999992,0.0005478749999916488,3.0016701561584917e-07,10.0,rfe_cfs,random_forest
2024-06-27 00:20:00,2024-06-27 00:20:00,6.881,7.152653999999995,0.2716539999999945,0.07379589571599701,10.0,rfe_cfs,random_forest
2024-06-27 00:30:00,2024-06-27 00:30:00,7.013,6.990541333333329,0.022458666666670624,0.0005043917084446222,10.0,rfe_cfs,random_forest
2024-06-27 00:40:00,2024-06-27 00:40:00,6.983,6.885451003787869,0.09754899621213031,0.009515806661994215,10.0,rfe_cfs,random_forest
2024-06-27 00:50:00,2024-06-27 00:50:00,6.832,6.891463416666656,0.05946341666665589,0.0035358979216723293,10.0,rfe_cfs,random_forest
2024-06-27 01:00:00,2024-06-27 01:00:00,6.268,6.778298333333335,0.5102983333333349,0.26040438900277935,10.0,rfe_cfs,random_forest
2024-06-27 01:10:00,2024-06-27 01:10:00,6.923,6.765580333333329,0.15741966666667118,0.024780951453445863,10.0,rfe_cfs,random_forest
2024-06-27 01:20:00,2024-06-27 01:20:00,6.405,6.625645384615383,0.2206453846153824,0.048684385752070035,10.0,rfe_cfs,random_forest
2024-06-27 01:30:00,2024-06-27 01:30:00,6.373,6.787405985119042,0.4144059851190418,0.1717323205024835,10.0,rfe_cfs,random_forest
2024-06-27 01:40:00,2024-06-27 01:40:00,6.244,6.5971716517857075,0.35317165178570775,0.12473021562504522,10.0,rfe_cfs,random_forest
2024-06-27 01:50:00,2024-06-27 01:50:00,5.862,6.613161249999994,0.7511612499999938,0.5642432235015532,10.0,rfe_cfs,random_forest
2024-06-27 02:00:00,2024-06-27 02:00:00,5.759,6.2051399999999965,0.4461399999999962,0.1990408995999966,10.0,rfe_cfs,random_forest
2024-06-27 02:10:00,2024-06-27 02:10:00,5.551,6.053290000000003,0.502290000000003,0.25229524410000304,10.0,rfe_cfs,random_forest
2024-06-27 02:20:00,2024-06-27 02:20:00,5.912,5.827820000000002,0.08417999999999815,0.007086272399999688,10.0,rfe_cfs,random_forest
2024-06-27 02:30:00,2024-06-27 02:30:00,6.715,6.005000000000003,0.7099999999999973,0.5040999999999962,10.0,rfe_cfs,random_forest
2024-06-27 02:40:00,2024-06-27 02:40:00,5.814,6.243655000000002,0.4296550000000021,0.18460341902500182,10.0,rfe_cfs,random_forest
2024-06-27 02:50:00,2024-06-27 02:50:00,5.566,6.307484999999998,0.7414849999999982,0.5498000052249973,10.0,rfe_cfs,random_forest
2024-06-27 03:00:00,2024-06-27 03:00:00,5.701,5.787814999999999,0.08681499999999964,0.007536844224999938,10.0,rfe_cfs,random_forest
2024-06-27 03:10:00,2024-06-27 03:10:00,5.518,5.890584999999999,0.37258499999999906,0.1388195822249993,10.0,rfe_cfs,random_forest
2024-06-27 03:20:00,2024-06-27 03:20:00,5.85,5.742865000000002,0.10713499999999776,0.01147790822499952,10.0,rfe_cfs,random_forest
2024-06-27 03:30:00,2024-06-27 03:30:00,5.315,5.958650000000003,0.6436500000000027,0.4142853225000035,10.0,rfe_cfs,random_forest
2024-06-27 03:40:00,2024-06-27 03:40:00,6.29,5.562959999999999,0.7270400000000015,0.5285871616000021,10.0,rfe_cfs,random_forest
2024-06-27 03:50:00,2024-06-27 03:50:00,5.826,6.247909999999998,0.4219099999999987,0.17800804809999887,10.0,rfe_cfs,random_forest
2024-06-27 04:00:00,2024-06-27 04:00:00,6.81,6.409805000000002,0.4001949999999974,0.16015603802499792,10.0,rfe_cfs,random_forest
2024-06-27 04:10:00,2024-06-27 04:10:00,7.145,6.364869999999999,0.7801300000000007,0.6086028169000011,10.0,rfe_cfs,random_forest
2024-06-27 04:20:00,2024-06-27 04:20:00,7.089,7.024354999999995,0.06464500000000584,0.004178976025000755,10.0,rfe_cfs,random_forest
2024-06-27 04:30:00,2024-06-27 04:30:00,6.954,6.952212083333324,0.0017879166666761037,3.19664600697819e-06,10.0,rfe_cfs,random_forest
2024-06-27 04:40:00,2024-06-27 04:40:00,7.105,6.959410777777772,0.14558922222222836,0.021196221627273394,10.0,rfe_cfs,random_forest
2024-06-27 04:50:00,2024-06-27 04:50:00,7.261,6.880666833333323,0.38033316666667716,0.14465331766670242,10.0,rfe_cfs,random_forest
2024-06-27 05:00:00,2024-06-27 05:00:00,7.086,7.139786111111106,0.05378611111110576,0.0028929457484562146,10.0,rfe_cfs,random_forest
2024-06-27 05:10:00,2024-06-27 05:10:00,7.146,7.108798017857135,0.0372019821428653,0.0013839874753580684,10.0,rfe_cfs,random_forest
2024-06-27 05:20:00,2024-06-27 05:20:00,7.058,7.062404444444435,0.004404444444435107,1.939913086411528e-05,10.0,rfe_cfs,random_forest
2024-06-27 05:30:00,2024-06-27 05:30:00,7.132,6.908726833333326,0.22327316666667407,0.049850906953364416,10.0,rfe_cfs,random_forest
2024-06-27 05:40:00,2024-06-27 05:40:00,7.052,6.948194999999988,0.10380500000001192,0.010775478025002474,10.0,rfe_cfs,random_forest
2024-06-27 05:50:00,2024-06-27 05:50:00,6.44,6.89602516666666,0.4560251666666595,0.20795895263335457,10.0,rfe_cfs,random_forest
2024-06-27 06:00:00,2024-06-27 06:00:00,7.037,7.062639999999998,0.02563999999999833,0.0006574095999999144,10.0,rfe_cfs,random_forest
2024-06-27 06:10:00,2024-06-27 06:10:00,6.941,6.699586666666658,0.24141333333334192,0.05828039751111526,10.0,rfe_cfs,random_forest
2024-06-27 06:20:00,2024-06-27 06:20:00,6.888,6.897568749999998,0.009568749999997905,9.156097656245991e-05,10.0,rfe_cfs,random_forest
2024-06-27 06:30:00,2024-06-27 06:30:00,6.903,6.764657499999998,0.13834250000000115,0.01913864730625032,10.0,rfe_cfs,random_forest
2024-06-27 06:40:00,2024-06-27 06:40:00,6.925,6.772381782051282,0.1526182179487181,0.023292320449842422,10.0,rfe_cfs,random_forest
2024-06-27 06:50:00,2024-06-27 06:50:00,6.979,6.809764006077254,0.16923599392274635,0.02864082163901984,10.0,rfe_cfs,random_forest
2024-06-27 07:00:00,2024-06-27 07:00:00,6.962,6.847064041666659,0.1149359583333407,0.013210274518003428,10.0,rfe_cfs,random_forest
2024-06-27 07:10:00,2024-06-27 07:10:00,7.07,6.828557789502156,0.2414422104978442,0.05829434101008531,10.0,rfe_cfs,random_forest
2024-06-27 07:20:00,2024-06-27 07:20:00,7.103,6.9918802777777715,0.11111972222222821,0.012347592666745158,10.0,rfe_cfs,random_forest
2024-06-27 07:30:00,2024-06-27 07:30:00,7.221,6.892987958333325,0.32801204166667475,0.10759189947834037,10.0,rfe_cfs,random_forest
2024-06-27 07:40:00,2024-06-27 07:40:00,7.004,7.095233972222217,0.0912339722222173,0.008323637687444317,10.0,rfe_cfs,random_forest
2024-06-27 07:50:00,2024-06-27 07:50:00,7.155,6.884058289502155,0.2709417104978451,0.0734094104874981,10.0,rfe_cfs,random_forest
2024-06-27 08:00:00,2024-06-27 08:00:00,6.796,6.9927101704545365,0.1967101704545362,0.03869489116025269,10.0,rfe_cfs,random_forest
2024-06-27 08:10:00,2024-06-27 08:10:00,6.876,6.8219780952381,0.05402190476190061,0.0029183661941038597,10.0,rfe_cfs,random_forest
2024-06-27 08:20:00,2024-06-27 08:20:00,6.918,6.710663186147184,0.207336813852816,0.04298855437863727,10.0,rfe_cfs,random_forest
2024-06-27 08:30:00,2024-06-27 08:30:00,6.651,6.841438436147183,0.1904384361471836,0.03626679796218492,10.0,rfe_cfs,random_forest
2024-06-27 08:40:00,2024-06-27 08:40:00,6.74,6.6809148333333415,0.05908516666665875,0.0034910569200268422,10.0,rfe_cfs,random_forest
2024-06-27 08:50:00,2024-06-27 08:50:00,5.842,6.5510337710622695,0.7090337710622698,0.5027288885067833,10.0,rfe_cfs,random_forest
